68.83790558597443, 0.4547539778901283, 272.4211230913667
68.84231382243372, 0.4548849052878961, 272.42264327033416
68.84661676847348, 0.4551815321508321, 272.4209815010953
68.85074842731224, 0.45533458084455314, 272.41735029269006
68.85474642379305, 0.45555016939811943, 272.41864342570636
68.85852927539567, 0.4556731970656409, 272.4173629382759
68.86217802471833, 0.45589916106637296, 272.418903827403
68.86562620112421, 0.4560369846533032, 272.41798475431114
68.86893487741948, 0.4563119746339855, 272.41731478686614
68.872041376234, 0.45646396929398936, 272.4170693364359
68.87501977049286, 0.45673856558992243, 272.41750071386656
68.87778739970291, 0.45691121568162324, 272.41633412432276
68.88042692678113, 0.45720907961407153, 272.4162777594252
68.88285486350236, 0.45737504337661633, 272.4169917339731
68.8851629220879, 0.4576844456646877, 272.4174680285336
68.8872629763472, 0.45790288941886936, 272.415910484589
68.88922589007746, 0.45822044784508986, 272.41736720665244
68.8909906498559, 0.4584463361068722, 272.4180128076694
68.89263470134283, 0.45880414426224275, 272.41871092346304
68.89407749518591, 0.459069948528428, 272.4184130131329
68.89540645588194, 0.4594685578871764, 272.4172259836705
68.8965435003079, 0.4597224348466738, 272.4182581116771
68.89756660736286, 0.46013339754370225, 272.41774432681717
68.89839273722701, 0.4604439090918082, 272.41561400296587
68.8991044304148, 0.4608645616407179, 272.4161400857869
68.8996247284522, 0.46119300517411993, 272.41369072463345
68.90002831991272, 0.46161467388727184, 272.4154766083507
68.90024003994368, 0.46192327144900225, 272.41597349646673
68.90033276410676, 0.46237168784562, 272.4155766996365
68.90024284671868, 0.4626573167818972, 272.41800745493333
68.90011511664207, 0.4631065860306468, 272.41801163800693
68.89991159636914, 0.46341543921133255, 272.418783060987
68.89975417337622, 0.46384939814697307, 272.41982992962625
68.89956220862989, 0.4641873619085668, 272.41785690726243
68.89944126401667, 0.46457498201907776, 272.4219304543421
68.89930088406207, 0.46488415156766816, 272.42177996946117
68.89922584645957, 0.4653168789564281, 272.4224662029037
68.89914174258602, 0.46562574712711435, 272.4226921906911
68.89913672529393, 0.4660647442808067, 272.42336129119184
68.89914089546352, 0.46637313750516235, 272.42389551925265
68.89923382807447, 0.46681882966643196, 272.42309411931706
68.89934259424128, 0.46714039673435637, 272.42189073022917
68.89953226727279, 0.467580679083352, 272.4210899929155
68.89971051202788, 0.4678879725150418, 272.420932901366
68.8999379929003, 0.4683085311792117, 272.422038994935
68.90012948257937, 0.46862868366446037, 272.4216637284172
68.9003461362809, 0.4690880348719455, 272.42025059722323
68.90051029504905, 0.46938896465396307, 272.421543494359
68.90070668082957, 0.46983261265253734, 272.42140899622734
68.9008431851078, 0.47015523138733667, 272.42182195244555
68.90099593499002, 0.4705996083733021, 272.42118404452424
68.90108944568028, 0.47092450479922515, 272.4208270267481
68.90120150702032, 0.47129291956334757, 272.42147825817926
68.90122924513176, 0.4715629107733476, 272.4153208306269
68.90125624276844, 0.4718243190246588, 272.416065810195
68.90125027049419, 0.4720345380022682, 272.41485332299413
68.90127639555834, 0.47229397467404427, 272.4144985921176
68.90127736629529, 0.4724386550027674, 272.41708516888497
68.90129801596677, 0.47268921996110885, 272.41710168031193
68.90132008962816, 0.4728495206592665, 272.41777764967884
68.90135959292597, 0.4730865228229744, 272.4182219773129
68.90139499755668, 0.4732683744081201, 272.4177692403126
68.90146321455052, 0.473522033618137, 272.41700449957597
68.90152250464253, 0.47371369260832535, 272.4153962962987
68.90160265527773, 0.47395418349740526, 272.416341722765
68.90167419895437, 0.47414926967506893, 272.4153757006873
68.90175866034026, 0.474410565106903, 272.4148556050964
68.90181953924144, 0.4745965160627028, 272.41480844885155
68.90188763504464, 0.4748601830704003, 272.41396004167484
68.9019267396253, 0.4750192206637817, 272.41583190061635
68.90198459360835, 0.47527597175863195, 272.4154779829975
68.90201298978491, 0.47545120328620266, 272.41564096222334
68.90205842294027, 0.4757007915276716, 272.41609755263266
68.9020695652068, 0.47588096502171223, 272.41660507354095
68.90211287389042, 0.47614585174207935, 272.4160754655379
68.9021222528333, 0.47632483708134615, 272.4163451028137
68.90216249781777, 0.4765831644930876, 272.4162709645364
68.90218616271213, 0.476767823942005, 272.416387229185
68.90223199094893, 0.47700865723425345, 272.41757007663324
68.90226772400625, 0.47718350296654904, 272.41810993765057
68.90233280579848, 0.47745327011548944, 272.4169495315183
68.90237951630309, 0.4776185364485388, 272.41811355455656
68.90244479927176, 0.47786932941267685, 272.4183303750464
68.90248708995408, 0.4780701693836779, 272.4165432961929
68.90254484456081, 0.47834297713587104, 272.41502665700807
68.902577669043, 0.47850793499048977, 272.41604767091115
68.90263501160159, 0.4787544132013353, 272.41623795332964
68.90265814689289, 0.47895499203074926, 272.4145555821233
68.9027081683255, 0.47918839896118715, 272.415713555682
68.90273560709609, 0.47936537958512826, 272.41536211050794
68.9027715122441, 0.4796045126957447, 272.41608352347595
68.90279366831511, 0.47979317920847137, 272.4151916953723
68.90282763077732, 0.4800238532251398, 272.41719132644624
68.902848873071, 0.480216999381164, 272.4168028198834
68.90289282042922, 0.48048318313104527, 272.4166625612373
68.90291805837796, 0.4806929460970615, 272.41600579536544
68.90296539786193, 0.4809816732297511, 272.41461690638096
68.90299219432217, 0.4811696707150884, 272.4155236162604
68.90303883574812, 0.4814378899492437, 272.4154974078058
68.90307348778501, 0.4816386565481372, 272.41527867127473
68.90312182466786, 0.481930354856709, 272.4141098675213
68.90314906953344, 0.48212484537909095, 272.41473538229883
68.90324934872041, 0.4823996972939794, 272.4147143498439
68.90335082890651, 0.48265554504406455, 272.41239187440567
68.90348958248285, 0.48295682906346166, 272.41260333171715
68.90358873217313, 0.4831872947980183, 272.41160716078423
68.90372300411997, 0.4835048484905544, 272.410908597801
68.90381714015388, 0.48370493975047946, 272.4126602638959
68.90395563801798, 0.484007057687271, 272.4127545219429
68.9040445422524, 0.48422406950193436, 272.4130208820224
68.90418500098089, 0.48451258125198565, 272.41404971022894
68.9042740954846, 0.48472251620853357, 272.41467506950124
68.9044071324989, 0.48502902858230423, 272.4145710493133
68.904493130582, 0.4852576734262778, 272.4144150892408
68.90463385714179, 0.48557176048396894, 272.41358676938296
68.90473019763327, 0.4858127286862216, 272.41227811323
68.9048802195144, 0.4861181452120633, 272.4126828196893
68.90497895230892, 0.4863437107943619, 272.4130345057064
68.90511711083926, 0.4866503446660311, 272.41311154798825
68.90521393003372, 0.48686535413221094, 272.41365906534554
68.90535144746563, 0.4871679493821752, 272.41356793672213
68.9054416702541, 0.4873899512890995, 272.41339012661274
68.9055714945048, 0.4876882885899836, 272.4138791123926
68.90565344845658, 0.4878923064410838, 272.41445260213095
68.90578503603093, 0.48819536401422037, 272.4139974146919
68.90587485161889, 0.48839783473948284, 272.4147612440822
68.90599934469377, 0.488694829251904, 272.4146374150357
68.9060815034577, 0.4888991042998543, 272.4149477890448
68.90621069994094, 0.48918112301286104, 272.4153551843668
68.90629340891033, 0.4893911960352027, 272.4145103733395
68.90642118503938, 0.48966273752683, 272.41567695595694
68.90651360137825, 0.4898735758281429, 272.41501798174653
68.90665086430984, 0.49016862400734545, 272.41497177568266
68.9067491632419, 0.49036891802675053, 272.41551260390105
68.9068884076403, 0.49065400574511614, 272.4165987098479
68.9069846366364, 0.49090827323357306, 272.4139180418113
68.9071233853651, 0.49117405540923126, 272.41717009155553
68.90722505945621, 0.491424201436507, 272.41490009874656
68.9073704179219, 0.4917355729372713, 272.4146801846067
68.90747298155223, 0.4919485027381232, 272.41519601868333
68.9076226447091, 0.49226281543476874, 272.41422754725943
68.90771425513029, 0.49248680470017603, 272.4141701926858
68.90784763390216, 0.49281323799562066, 272.4128598954169
68.9079299465782, 0.4930314734676906, 272.41323377222506
68.90805788389079, 0.49334010732100114, 272.4125553478506
68.90813603245677, 0.4935469393474522, 272.4128220546687
68.90826923671415, 0.4938221589118258, 272.41324163663734
68.90835735320945, 0.49403518180847, 272.412608079195
68.90849097799833, 0.49433382048725827, 272.4120177433198
68.90858277141736, 0.49454125605846505, 272.4127005355454
68.90871894363326, 0.4948356273208044, 272.4132480870134
68.90881151873187, 0.4950428909014795, 272.4138603228442
68.90868204108637, 0.4951257295888001, 272.41276731905447
68.90862043019379, 0.49520249495908913, 272.406950925181
68.90855542475165, 0.495245177013052, 272.40389198666645
68.90849896567276, 0.4952444890509253, 272.40445624205904
68.9084381291883, 0.4952441687382837, 272.4052150271969
68.90838335829488, 0.49526547268473764, 272.40421519490985
68.90832320653749, 0.4952617141393572, 272.4051775385221
68.90826602637435, 0.49527969503939173, 272.4044108898215
68.90820409675041, 0.49528753796542585, 272.4044175824438
68.9081439995288, 0.49530413662962774, 272.40365565448343
68.90808013085477, 0.4953048908633355, 272.4041590502518
68.90801756134431, 0.4953211810491068, 272.40327727645274
68.90795256317361, 0.495329867359904, 272.403062801482
68.90788813702268, 0.49532729933613967, 272.40375707531655
68.90782205177203, 0.49532470054342703, 272.40446798279834
68.90775732022072, 0.49532076606277803, 272.40527623426914
68.90769193060429, 0.49534157376132176, 272.4040232142798
68.90762675791909, 0.4953294145041004, 272.40548977444746
68.90756178519842, 0.49534847547311595, 272.4044653186944
68.90749768141458, 0.4953623096656527, 272.4039868574351
68.90743271960106, 0.49536431280308363, 272.4044514954547
68.9073686485387, 0.49536441773308687, 272.40499126985014
68.90730355705121, 0.495361547542471, 272.4058084497495
68.90724007861101, 0.4953841248500173, 272.4047561961283
68.90717472656368, 0.4953890108012224, 272.4050535278321
68.90710936966872, 0.49538847905067945, 272.40584261929195
68.90704327108709, 0.49539927500680564, 272.4056760912519
68.90697764514893, 0.4954191659484787, 272.40483842699075
68.90690985838184, 0.4954176835163272, 272.40565173823677
68.90684253698676, 0.4954238980549421, 272.40604394365977
68.90677467023384, 0.49544704656040095, 272.40487549429264
68.90670687983102, 0.49546511345570127, 272.40420262208914
68.90663786903856, 0.4954744474923082, 272.4042022161909
68.90656908244877, 0.49547977052036896, 272.4043809821389
68.90649914454798, 0.49547822023874166, 272.40520514576156
68.90643039310346, 0.4954941972123979, 272.40468858176234
68.9063601691928, 0.4954977443198769, 272.4051395785167
68.90629094268101, 0.495519604474243, 272.40415181191935
68.90621958200222, 0.49550896946338496, 272.4058258375059
68.9061492320533, 0.49551982380161824, 272.4057274349006
68.90607778411726, 0.49552767303923145, 272.4057355536767
68.90600626831447, 0.4955289432445342, 272.4062048087046
68.90593493187382, 0.4955505241115231, 272.4052412668994
68.90586325125177, 0.4955397762811879, 272.40667587153837
68.90579205539224, 0.4955291957077, 272.4081144368685
68.9057224713681, 0.49551510352936573, 272.4099357445932
68.90565427618857, 0.49550364959111376, 272.4113835587719
68.90558914592009, 0.49550424051271114, 272.41192572802026
68.90552602741607, 0.49550676356647405, 272.41244514511396
68.90546659068339, 0.49551844077683826, 272.412274338709
68.90541105628901, 0.49551577018991283, 272.4132731152061
68.90536557708121, 0.49563825742847006, 272.4039533733056
68.90532199329488, 0.4956533208010452, 272.40327182377706
68.90528469930224, 0.49568918556058483, 272.4008970845068
68.90525231837775, 0.4956960154781663, 272.4006931933254
68.90522442271849, 0.49568440848412004, 272.4021687445226
68.90520258780265, 0.49568223256721006, 272.4026884577159
68.90518476066094, 0.4956660717688113, 272.40434620751216
68.9051717520587, 0.4956412775190906, 272.4068050830847
68.90516409159896, 0.4956428033433487, 272.40699261104606
68.90516050556822, 0.49562792695130575, 272.4084189504072
68.9051616944483, 0.495632833415143, 272.40826613637114
68.90516760855105, 0.49563907320007444, 272.4078756082516
68.9051777146377, 0.4956520916210068, 272.40699209666394
68.90519199695348, 0.49566060041864063, 272.40635918441126
68.90520943264944, 0.4956674271804325, 272.4059227204441
68.90523015988293, 0.49566115504865793, 272.40647569161007
68.90525408897287, 0.4956651668461515, 272.4061491643565
68.90528075575914, 0.49565586831217723, 272.40679038175233
68.90530984272229, 0.4956533373689404, 272.4069875228654
68.90534110142154, 0.49563881679217175, 272.408039893437
68.9053749378455, 0.49563928306008104, 272.40771720512225
68.9054105339574, 0.49562707962180563, 272.4083972949489
68.90544804851697, 0.49562719007444067, 272.40804340430026
68.90548776026267, 0.4956342243293969, 272.40729377153986
68.90552821611885, 0.4956273360297084, 272.40752503453666
68.90557111639004, 0.4956447512544621, 272.4057664435681
68.90561355250111, 0.4956293604687189, 272.40677105469337
68.90565698358725, 0.4956092525665128, 272.4081339357074
68.90570149448192, 0.4956091713049313, 272.40791285265794
68.90574585388829, 0.4955854508126125, 272.4094270451576
68.90579066412381, 0.4955720734206163, 272.4100637430703
68.90583529499719, 0.4955442496129064, 272.4118118612806
68.90588070755014, 0.4955374102279562, 272.411845384197
68.90592589711234, 0.49551821513788386, 272.4127040216356
68.90597117999131, 0.49550319831320494, 272.4132383016059
68.90601795472695, 0.4955201922400508, 272.4111617360817
68.90606337455134, 0.4955142735567083, 272.41078846948756
68.90610894344019, 0.49550881325180113, 272.4104745339888
68.9061531380273, 0.4954868600016427, 272.4114593164867
68.90619810581065, 0.4954892110648739, 272.4103353579775
68.90624184229718, 0.4954758036928768, 272.41052462165237
68.9062856708886, 0.4954745989702077, 272.4097437511293
68.90632780281119, 0.4954522244221414, 272.4106702649799
68.90636998805765, 0.4954343295173727, 272.41124383093785
68.90641164612488, 0.4954272092671506, 272.41089975061925
68.90645260855788, 0.495409583393443, 272.4112792026975
68.90649206095564, 0.49537633715030077, 272.4130829096466
68.90653221141143, 0.49537216361859165, 272.4123868328077
68.90657133174686, 0.4953661131810345, 272.41192352845644
68.90661022787963, 0.49538189765152685, 272.409309928921
68.90664910340998, 0.49541813952792035, 272.40533824664743
68.90668442684297, 0.4954028260590217, 272.4056663417964
68.90671799179991, 0.49537750321454765, 272.4067521556308
68.90675190457397, 0.4953937934003189, 272.4044082519211
68.90678290998478, 0.49537199162805995, 272.4049583844245
68.90681282952758, 0.49535866393974953, 272.40502617319834
68.90684088031084, 0.49533405667056096, 272.40587116186555
68.90686797126432, 0.49532553130503193, 272.4052721956549
68.90689269536479, 0.49529393238404634, 272.4066706634583
68.9069160633421, 0.4952689053948447, 272.40731693982707
68.90693859389216, 0.4952613267661873, 272.40661623026944
68.90695818556944, 0.49521901709539395, 272.4087963951126
68.90697777239909, 0.4952143914968286, 272.40783968495833
68.90699554015738, 0.49519761531946327, 272.4078569383752
68.90701265469819, 0.4951984113673828, 272.4064807834393
68.90702822648227, 0.4951939143672426, 272.4055466729295
68.90704262029341, 0.49518809824706117, 272.404694347381
68.90705610032721, 0.49518802881969054, 272.40317156548616
68.90706772008484, 0.4951635028120835, 272.4039160889178
68.90707889870856, 0.4951509972069566, 272.40356227730666
68.90708910295963, 0.4951346478501309, 272.40356713472863
68.90709853401447, 0.4951195821107136, 272.4033367187627
68.90710733003041, 0.4951090338840688, 272.402843765604
68.90711429849165, 0.49507193363291163, 272.4043890733348
68.90712078219036, 0.4950417059024952, 272.40547328254695
68.90712651814289, 0.49501404777373775, 272.40623467559936
68.90713245042424, 0.495008138557764, 272.40516051688206
68.90713595283344, 0.49496455315903615, 272.40700767811
68.90713974610017, 0.4949428823520444, 272.4071952335699
68.90714303279006, 0.4949304793100786, 272.40656018552323
68.90714606740345, 0.4949286797210751, 272.4050952418929
68.90714734111697, 0.4948973963790468, 272.4060071894013
68.90714878207356, 0.4948850824881364, 272.4052699349712
68.90714926441227, 0.49486842938656433, 272.40491459696375
68.9071485190899, 0.4948426331736545, 272.4052210702438
68.90714638128718, 0.4948091226331356, 272.4060791159565
68.90714371509331, 0.4947879307172115, 272.40611535170206
68.90713987698605, 0.4947634765038172, 272.4063894635695
68.90713504511562, 0.4947395493072814, 272.40677601787957
68.9071291722177, 0.49471612072549803, 272.4069051268738
68.90712270306184, 0.4947000112086798, 272.406539020204
68.90711534194297, 0.4946905927547018, 272.4055057504862
68.90710677740114, 0.4946688170177068, 272.4055482323809
68.90709643984037, 0.49462682687060766, 272.4072817404744
68.90708558115992, 0.49459043824999904, 272.40858544630265
68.90707478792238, 0.49457227431416934, 272.4084422813365
68.90706309423848, 0.4945485498771136, 272.40871002757285
68.90705086004436, 0.4945257556090342, 272.4088406219846
68.90703803807568, 0.4945045605373205, 272.4088331226512
68.90702437504403, 0.494481214006066, 272.4085374124683
68.90701227900723, 0.49449273106010944, 272.40595016211887
68.90699833966094, 0.49447644481907516, 272.40535975514194
68.90698338594909, 0.49444641353655955, 272.4059684249438
68.90696742999071, 0.4944073322384985, 272.40732446247455
68.90695099532935, 0.4943722580042466, 272.4083392332703
68.90693468307053, 0.4943578889053774, 272.4076784933693
68.90691791513493, 0.4943441951454766, 272.407065498926
68.90690041399603, 0.49432950967870276, 272.4062385694777
68.90688239779693, 0.49431291338134303, 272.40568105111134
68.90686363263976, 0.494290938829605, 272.40566405483526
68.90684403369104, 0.49425513797480414, 272.40683225859294
68.9068247764999, 0.494243836303399, 272.40602496244657
68.90680472914585, 0.4942140417051013, 272.406735382951
68.90678556163579, 0.4942166720557097, 272.40489696088986
68.90676522827184, 0.49419309041813203, 272.40513136028716
68.9067446064742, 0.49417461090334514, 272.40496108350425
68.90672427916981, 0.4941675766483889, 272.40395657378866
68.90670254363027, 0.494137211641126, 272.4047791668577
68.90668097533381, 0.49411852621106955, 272.4048295108623
68.90665884228902, 0.49409319784396377, 272.40530472187044
68.90663652139875, 0.49407477434444175, 272.40522911851514
68.90661378240081, 0.4940559469038545, 272.4051978236423
68.90659122882452, 0.49405016234156884, 272.4041495898762
68.90656681497207, 0.4940129721504089, 272.4054844793361
68.90654342639235, 0.49400725859338857, 272.4043448203386
68.90651911555193, 0.4939892642812484, 272.40426181939495
68.90649486651873, 0.4939793377451493, 272.4035387801669
68.9064698588322, 0.49396118169879355, 272.4034822816787
68.9064438804087, 0.49392090277858985, 272.4051265928743
68.90641904602477, 0.49391881443484054, 272.4038821543678
68.90639309062749, 0.4938957385125418, 272.4042262377472
68.90636793630028, 0.49388658198909835, 272.4034058303957
68.90634161005968, 0.49386841410853166, 272.40341569017716
68.90631576252207, 0.49385317795647754, 272.4031763121182
68.90628963866983, 0.49384569873519163, 272.40243516396356
68.90626255741161, 0.4938223853397276, 272.40295170973684
68.90623586275149, 0.4938073787713648, 272.4027890269179
68.90620809555429, 0.49378282988428335, 272.4033345043862
68.90617994418281, 0.49374742508107383, 272.4048240755489
68.9061532519465, 0.493755890486601, 272.40285526226177
68.90612554655654, 0.4937457296331262, 272.40225430269464
68.90609739518504, 0.49372660712621397, 272.4025654641399
68.90606969827842, 0.4937267830614826, 272.401165322828
68.90604012412892, 0.4936844749685841, 272.4033902177502
68.9060115631331, 0.4936679749228063, 272.40345294783907
68.90598260826773, 0.493647344737426, 272.4038613176147
68.90595408726483, 0.49364145287829486, 272.40307070250714
68.90592540386646, 0.4936366055855121, 272.4021918185962
68.90589609876018, 0.4936196479502463, 272.4022834997666
68.90586642038674, 0.49359485133368347, 272.4032660400011
68.90583996689598, 0.49365394507131605, 272.3971317140581
68.90581082418514, 0.49364456448681293, 272.3966176042853
68.90578116641412, 0.49362198007874014, 272.39728154264725
68.90575124081181, 0.49360151951704934, 272.39767445124676
68.905721683629, 0.4935839883170288, 272.3977992255887
68.90569216522721, 0.49357277342983696, 272.3974806499203
68.90566224810823, 0.4935544864182139, 272.39766492508903
68.90563268365399, 0.4935412297351689, 272.3976758908661
68.90560350579787, 0.493535372589723, 272.3970812415856
68.9055746490969, 0.4935449377879161, 272.39518613254876
68.90554489194956, 0.49352921722216264, 272.3952837007978
68.90551473244933, 0.4935066777840912, 272.3959647365378
68.90548534978105, 0.4935068963225191, 272.39483717455266
68.9054546691611, 0.4934778851489826, 272.3961706513809
68.90542548403353, 0.4934841438686515, 272.39468766373466
68.90539446286792, 0.49345005266285136, 272.3964542011899
68.9053649190161, 0.49345009999969497, 272.3954881653312
68.9053342892962, 0.49343124889068596, 272.3959863641673
68.9053047309015, 0.49343934349093843, 272.39445482662757
68.90527380184076, 0.49341746597972974, 272.3951065334544
68.90524336117828, 0.49340488463565313, 272.3953094015268
68.90521279690134, 0.49339370761793605, 272.3951256729385
68.90518220959818, 0.49338324459760974, 272.3950816458664
68.90515193375495, 0.4933805771664739, 272.39431190086947
68.9051206762676, 0.4933556708862234, 272.3954654213324
68.9050902525718, 0.4933553040256856, 272.39468471662906
68.90505853092434, 0.4933182597897934, 272.3968820682543
68.90502743825625, 0.4933020445540245, 272.39747341125326
68.90499709818198, 0.49330085403240836, 272.3968055563133
68.9049656383063, 0.49327362035734845, 272.39833787588066
68.90493482680047, 0.49326288909490845, 272.3981967477576
68.90490378260863, 0.49324260841322326, 272.3991084498108
68.90487321469598, 0.4932329595866065, 272.3991095469068
68.90484273040485, 0.49322603420639055, 272.39898163267003
68.904812759962, 0.4932209620636008, 272.3986794635516
68.90478323913639, 0.49322283186892224, 272.39786506196896
68.90475403340642, 0.4932240933958037, 272.397022125164
68.9047257972015, 0.49323310475292687, 272.39575196760717
68.90469678537653, 0.4932118836459492, 272.3967261859909
68.90466907635083, 0.4932072193889616, 272.3965156154474
68.9046413782323, 0.4931904234879114, 272.3972170250602
68.90461384856874, 0.4931652686892321, 272.3986676530913
68.90458594563805, 0.49311754762827, 272.40193854162965
68.90455918795881, 0.4930878792615552, 272.40364080663664
68.9045326484227, 0.4930522030604424, 272.40581564217126
68.9045080140033, 0.49305639868267853, 272.40489617542596
68.90448277120693, 0.49303460558884094, 272.40618194746366
68.90445871850255, 0.49303180482559567, 272.405862668774
68.90443539051815, 0.493039893114269, 272.4046589398649
68.90441407914582, 0.4930847644972475, 272.4008557502431
68.90439332767421, 0.49315743365267195, 272.3943816125901
68.90437087589807, 0.49317949735546535, 272.39201073383197
68.9043479793523, 0.49319421753592446, 272.3902472171047
68.90432479194902, 0.49320626476261603, 272.3886840099046
68.90430093193774, 0.4931988999387021, 272.3887874954617
68.90427681863805, 0.4931889221210225, 272.3891600619056
68.90425221088059, 0.49316503516080373, 272.3906401190056
68.90422731590134, 0.4931370101715086, 272.3926019915347
68.90420371887373, 0.49313899595209687, 272.3920513110388
68.9041790796067, 0.49311338593077175, 272.393629118035
68.90415447912068, 0.49309172932483314, 272.39488116250453
68.90413023978273, 0.4930805736086957, 272.39527507061223
68.90410542357738, 0.4930637461497498, 272.39608498271735
68.90408147267314, 0.49307096186260646, 272.3948892425249
68.90405787443362, 0.49309074629638144, 272.3927294591061
68.90403379749112, 0.49310262626622564, 272.3913294715414
68.90400963692709, 0.493110847098061, 272.3900679357841
68.90398498311718, 0.49310974414960557, 272.3895795073916
68.90396096555808, 0.49312417478637144, 272.3878130849047
68.90393554218768, 0.49310503571156394, 272.3888426711258
68.90390985946932, 0.49307922371970625, 272.39023239960267
68.90388482633276, 0.49307423757218233, 272.39013721781976
68.90385930358603, 0.49306074183807713, 272.3907261269138
68.90383395656572, 0.4930547939636811, 272.3907097406877
68.9038073200771, 0.4930228636847905, 272.3928529719728
68.903781530711, 0.4930147643508536, 272.3930606912624
68.90375474515791, 0.4929856955841575, 272.39502490133145
68.90372973262375, 0.49300457036158835, 272.3930847088363
68.90370376995504, 0.4929986406329823, 272.3930780252545
68.90367868591841, 0.49301636670300886, 272.3913774451337
68.90365349644591, 0.49302214889845236, 272.39041819245415
68.90363115252943, 0.4930363594188956, 272.38890431537413
68.90361025926478, 0.49302876027760595, 272.38909763343605
68.90359208188215, 0.493031046647151, 272.3887536783286
68.90357447773121, 0.4930154941271922, 272.3895923166871
68.90355743105717, 0.492999240233001, 272.39065183893587
68.9035416883943, 0.4929859551478498, 272.39142797080456
68.90352689101836, 0.4929668405304115, 272.39267697743435
68.90351383999939, 0.492936933901584, 272.3945511784693
68.9035054960245, 0.4929245616285665, 272.39491018467555
68.90350053932772, 0.4928910660780481, 272.39680906927407
68.90350099985211, 0.4928822850935637, 272.39697934745567
68.9035047858474, 0.4928716634948114, 272.3972042189989
68.90351201971612, 0.49287377077329814, 272.3966353224022
68.90352160468306, 0.4928508463288989, 272.3982372407658
68.90353688682153, 0.49288758603109745, 272.3946249494679
68.90355576347409, 0.49289866364144297, 272.3931039266742
68.90357909509422, 0.4928884672853355, 272.39305074917047
68.90360796633806, 0.4928772247849848, 272.393167365712
68.91390556448414, 0.49048919147892295, 272.3930954629522
68.91564190142407, 0.4904499863161212, 272.39264225453144
68.91734582714186, 0.4904380779441708, 272.3937343769752
68.91916714173979, 0.49041559688820646, 272.3937633625745
68.92110976694664, 0.4903863269399251, 272.3958037347869
68.9232563874937, 0.4903248087669537, 272.39758002449315
68.92554008312685, 0.49030169891991715, 272.397384639086
68.92798258574992, 0.4902298983955724, 272.39789278037426
68.93044589195657, 0.4901978442519411, 272.3969938020643
68.93299999175954, 0.4901399536590828, 272.3962047380535
68.93559584415846, 0.49012338024119745, 272.39400051652945
68.93834415921778, 0.4900280643508561, 272.3964165413781
68.94124578163621, 0.48999669422461456, 272.3952425924917
68.94434584765207, 0.4898924861082064, 272.39675790671885
68.94756097084036, 0.4898358657206509, 272.3963627376465
68.95092646493877, 0.4897203046512571, 272.3980379261579
68.95433273726044, 0.48963392595698396, 272.3989701175886
68.9578728319117, 0.489526169155202, 272.3991972126987
68.96151968944865, 0.4894477533069667, 272.39893190059945
68.96536087010159, 0.48933025458277557, 272.3991574511524
68.96936197633396, 0.48921537437498197, 272.4008288092901
68.97356756509285, 0.4890964437112725, 272.4008182618924
68.97786580166473, 0.4889793702297262, 272.4015048249926
68.98232312275307, 0.4888424949575623, 272.40137693175075
68.98686066961479, 0.4887140440656612, 272.4015287169847
68.99158027388881, 0.48857753565403506, 272.3999789975767
68.99644896929995, 0.48843391961534516, 272.4006706758219
69.00154573093424, 0.4882827793853679, 272.39880348720027
69.0068045632221, 0.48812276191932435, 272.39892747305595
69.01227221181345, 0.48793158655388785, 272.39934741661517
69.01787944050122, 0.4877640946002427, 272.39866991299704
69.02368969500415, 0.48755538882373317, 272.3985744357424
69.02963981076577, 0.48732596213289314, 272.4019162355652
69.03581855143938, 0.4870903690292292, 272.4024073613853
69.04216790307026, 0.48686713952016136, 272.40247579538527
69.04875324921535, 0.48659873961705313, 272.40351000539783
69.05549433259168, 0.4863435892964634, 272.4046045808357
69.06246085477832, 0.48605075490364563, 272.4061591058234
69.06957011650113, 0.48579784045996777, 272.40581480972907
69.07687240944782, 0.48550849715936417, 272.40580819411775
69.08430399704214, 0.48523960810887223, 272.4059718426362
69.09189594771408, 0.48495592313897146, 272.40474557634616
69.09954137011587, 0.4846568600064857, 272.40611860536677
69.10729733412718, 0.48433556512541187, 272.407194962051
69.11505605401344, 0.48403503612866994, 272.4083408280215
69.12289032656237, 0.48369029057528573, 272.4110096782695
69.13072361867911, 0.48341981021790204, 272.4101454085119
69.13865188546892, 0.4830961729520183, 272.41114704806444
69.14664370462522, 0.48278216242222427, 272.4131615036882
69.15475924366017, 0.482436380980913, 272.41631774548694
69.16292863375165, 0.48219679422554557, 272.4169076779429
69.17117745702978, 0.482044402725003, 272.41438404271884
69.17929099520742, 0.48219020809270857, 272.4147160889324
69.18738587972327, 0.4821976036855708, 272.4141498007502
69.19535667594094, 0.48234518734070025, 272.4148638651586
69.20330106350839, 0.4823417088716444, 272.41478214289486
69.21115650200089, 0.48248234663392564, 272.4142322242971
69.21901115639001, 0.48246419768809645, 272.4138704461511
69.22681573238691, 0.48259125687679627, 272.4133630722186
69.2346487069842, 0.4825875756482604, 272.41114091600355
69.24244915765205, 0.4827094443520615, 272.41093583404114
69.25029628489114, 0.48268210416910345, 272.4114119674138
69.25808702455379, 0.48281143473734783, 272.412083418996
69.26590170663735, 0.48278237149328346, 272.41339790625443
69.27367072530336, 0.4829369507449469, 272.41332729374943
69.28148226612578, 0.48293376734221605, 272.4129434220316
69.2893027459691, 0.4830892704512767, 272.41158440150923
69.29721408969931, 0.48309723093047235, 272.4091171206592
69.3051638326807, 0.48321311389040256, 272.4087141373857
69.31318578467528, 0.4832043376396025, 272.406540944937
69.3212005512774, 0.4833116147613695, 272.4073838598538
69.3292891556948, 0.483289289916989, 272.40673590720405
69.33741931031975, 0.48341726822940173, 272.40586727046144
69.34569712724425, 0.48340258197368047, 272.4043159401785
69.35408453321993, 0.48355236915887867, 272.40127792101634
69.36263117520036, 0.48347716511548045, 272.4031694157696
69.37123840401256, 0.4835757866953986, 272.4027454616094
69.3799400839543, 0.48351115770285646, 272.4024055374957
69.38865041690704, 0.48357389558849745, 272.403193998565
69.39746148835923, 0.4834863232168187, 272.40237804700973
69.40634566805909, 0.48354493569654156, 272.4026716807579
69.4153874307235, 0.4834299923729565, 272.4034752701218
69.42454714822829, 0.4834675794046551, 272.40513435909116
69.4338630428863, 0.48339194932966467, 272.4038576631463
69.44323261166254, 0.4834263016770519, 272.40709240703626
69.45272796540577, 0.4833533051084593, 272.4068484484274
69.46227573288465, 0.48343526964206845, 272.40683386712595
69.47196680707185, 0.483369865114239, 272.4056497646078
69.48177492474588, 0.4834413200796256, 272.4061429368463
69.49175935418445, 0.4833232328006793, 272.4071734593541
69.50184578371693, 0.48338845350376614, 272.40543029802313
69.51207708089305, 0.4832548073932819, 272.406298259396
69.52236999259746, 0.4832803535098682, 272.4069311598207
69.53279056529982, 0.4831344921268977, 272.407331012322
69.54329799896257, 0.48314851882259835, 272.40833416429797
69.55397989623276, 0.48301844506590974, 272.4077374671818
69.56478131412625, 0.48302711244196955, 272.4089323449896
69.57577118829734, 0.4828916612198501, 272.40840744031493
69.58685639707768, 0.48287869644734044, 272.41121319483534
69.59809202766823, 0.48271678787439576, 272.41186726961035
69.60945145448754, 0.482662916968505, 272.41078566527267
69.62102056775903, 0.4824256544521574, 272.40469454155686
69.63273417783083, 0.4821911193269475, 272.40538842356125
69.6445488596763, 0.48188548584057267, 272.4030631960744
69.6565294260445, 0.48163165069528713, 272.4043808667813
69.66858787193547, 0.4812856491376532, 272.40455514936417
69.68073744469702, 0.4810220973162751, 272.40680871255455
69.69290516211971, 0.48069013034381575, 272.40646636860384
69.70511324450561, 0.4804480126452115, 272.40700697657223
69.71730666040145, 0.4800928908557141, 272.40824177284065
69.72953961231657, 0.4798131064417245, 272.4102708288284
69.74176083176678, 0.47947726731546014, 272.40853611565524
69.7539876465884, 0.47920768083547277, 272.4100739159299
69.76616888888543, 0.47883101841530357, 272.4118981448218
69.77833148842781, 0.4785866340708391, 272.41200962203044
69.79041080698103, 0.47825699291529444, 272.41194045505597
69.80246416407743, 0.4780218321548019, 272.4131038829679
69.81444452563346, 0.4777442528487757, 272.4116535417178
69.82639146281369, 0.47754710278473184, 272.41104262844806
69.83826580317069, 0.47725719301990005, 272.4108816246061
69.8501080074083, 0.47706723184450145, 272.41050023167116
69.86186400269109, 0.47679294244910425, 272.4094495262868
69.87356877554213, 0.476609351234957, 272.40937134842767
69.88517510403234, 0.476333857905838, 272.4091756210452
69.89672571391841, 0.47615957863777064, 272.408116898834
69.90816207982121, 0.47588358984968887, 272.4078244236222
69.91955549940039, 0.4756792942891063, 272.4101419587106
69.93084656864472, 0.4754092068275244, 272.41037797706116
69.94210342698605, 0.4752281331445083, 272.41072835280363
69.95324808583004, 0.47496090482827863, 272.41154787875706
69.96435257603964, 0.47482420549138343, 272.40982450067025
69.97535788989703, 0.47456841217866835, 272.4109580689647
69.98631671866438, 0.47444739317120954, 272.4089517912862
69.99717152951382, 0.4742271955869731, 272.4081630196056
70.00801387105933, 0.47414329813225115, 272.40401509646176
70.01890953769403, 0.4739366562421217, 272.4020048265577
70.03000723032119, 0.4738300244793222, 272.39866141335966
70.04119577471619, 0.4736000731384658, 272.39625414249815
70.05243741878581, 0.47347848924467356, 272.393150085494
70.06357245751757, 0.4732425371699458, 272.3905156468742
70.07457179425307, 0.4730460940027661, 272.3924424185848
70.08543632216724, 0.4727741548816527, 272.3927926404944
70.09633391573297, 0.4725970795840244, 272.39309535496767
70.10727060054836, 0.4723132518146455, 272.3937830794603
70.11842625623014, 0.4720962108089286, 272.3962553905982
70.12969036661879, 0.47178309178968875, 272.3992248017133
70.14102580738856, 0.4716076874826389, 272.39893913259533
70.15231463703005, 0.4713379156000142, 272.39943405290546
70.16352700629103, 0.47117628710339404, 272.40052253063504
70.17466024534194, 0.4709629991204258, 272.39876661194927
70.1858708403721, 0.47084496470095477, 272.3969327387277
70.19713552399243, 0.4707151639200642, 272.38884464212435
70.20858298853314, 0.4705980730816753, 272.3871513228655
70.22008008063692, 0.4703930461668594, 272.38478588699235
70.23159138718971, 0.4702811844717915, 272.38215068202175
70.24301320779307, 0.4700861519425505, 272.3798831613486
70.25437924071362, 0.4699734736869308, 272.37816957713255
70.26565494419796, 0.46979095859702763, 272.3752011803131
70.27695197723321, 0.46966071521664954, 272.37444630180016
70.28823686090777, 0.4694439385083093, 272.3739658329475
70.29957782312266, 0.46927170734767426, 272.37557487523407
70.31086544691739, 0.46902066980984436, 272.37633815989466
70.32211295903731, 0.46887759420011865, 272.3755047099307
70.33326352350072, 0.4686242379459007, 272.3766478164616
70.34438223179505, 0.4684815118398701, 272.37746941309456
70.3554051340486, 0.46826686686738583, 272.37761791708283
70.36639292131703, 0.468180589158379, 272.37579559177254
70.3772966968168, 0.46796902029178017, 272.37680857728867
70.38816964505597, 0.4678877279413499, 272.37484668798356
70.3989536490678, 0.4677072633257212, 272.3736215887041
70.40970728028391, 0.4676021913119177, 272.37251378351164
70.42036180180264, 0.4673604357401668, 272.37359176754325
70.43101172534885, 0.4672527751899667, 272.3710353232363
70.44157595015282, 0.4670141249151548, 272.3700333154877
70.45212071174157, 0.4668791360162077, 272.36949305343893
70.46257823061947, 0.4666132717900206, 272.37047821638885
70.47300400482368, 0.46647236105194134, 272.3696703147847
70.48330106730718, 0.4662321825860291, 272.3699873444861
70.49350809121196, 0.46610068241245395, 272.3709118042312
70.5035660300392, 0.46589919944932756, 272.37048040916704
70.5136001003718, 0.46579593570294886, 272.37012516818976
70.52356304634736, 0.46559212534501304, 272.3702354629242
70.53352075931151, 0.46549426194353966, 272.36974528904256
70.54340968932158, 0.465320648547072, 272.36892163715515
70.55326522282968, 0.46523173969850945, 272.3703503165631
70.56305025732438, 0.4650896068809184, 272.3699475546977
70.57280670779703, 0.46506561499069643, 272.3696733728342
70.58247590707548, 0.46496266287853794, 272.3689069478284
70.59210359371545, 0.4649406851710104, 272.3697520735193
70.60163888461895, 0.4648119210669942, 272.37003464077907
70.61113894419435, 0.4648004616061105, 272.36865506278656
70.62055346742295, 0.46466723048195496, 272.3685339894905
70.62993712339805, 0.4646202218404888, 272.36834150636315
70.63924098746222, 0.46447401805434974, 272.3680491442538
70.64851064668291, 0.46441868680683446, 272.3677141960799
70.65768923841644, 0.4642822975262647, 272.36734005656945
70.66683748886379, 0.4642454710398529, 272.36624387164665
70.67587972417166, 0.46410830701294314, 272.3667132646291
70.68489800009193, 0.46402826672202563, 272.3695613387517
70.69380481698961, 0.4638888889087311, 272.3707079859221
70.7026729062095, 0.4638000605328026, 272.37304249544053
70.7114413476456, 0.4636632002506392, 272.3705724507132
70.72014446490822, 0.4635459405775082, 272.3737563088419
70.72875460714316, 0.46335990125960036, 272.3760174879379
70.73731441890938, 0.46325102257462547, 272.3785983298845
70.7457709471729, 0.4631219996958644, 272.37689578482804
70.75419357962906, 0.46305660779119323, 272.37736269085804
70.76251147429498, 0.46294622379459244, 272.375402837537
70.77079668263603, 0.46287260474650677, 272.37663861414813
70.77898089434159, 0.4627776904303885, 272.3741314171675
70.78713291660385, 0.4627409002355568, 272.37356959952183
70.79518483419366, 0.4625898136540023, 272.3754205905655
70.80320302079537, 0.4625570210556111, 272.37536170625356
70.81111654474502, 0.46241619157911334, 272.37699146796297
70.81898583775036, 0.46235218427711694, 272.37946139459245
70.82675772378667, 0.46222237087306806, 272.3804469195885
70.83448764514347, 0.46215391469672235, 272.38285616178774
70.84211893308206, 0.4620114805012272, 272.3856471468087
70.84970331055152, 0.4619601713075216, 272.387911120697
70.85719747977538, 0.4618146617950884, 272.3914031469436
70.8646498939795, 0.4617713320153159, 272.3940339540301
70.87200936102981, 0.4616541567595559, 272.39551146336595
70.8793364629104, 0.46162811202821724, 272.3957180110053
70.88657274210891, 0.46154059172706646, 272.395964101447
70.89377661129717, 0.4615554547070037, 272.3946202235082
70.90088838166602, 0.4614849780363845, 272.39518566463363
70.90797696220778, 0.461482654586312, 272.3965253535351
70.91497774619748, 0.46143481755008314, 272.3959681832574
70.92195338919096, 0.4614424695508481, 272.39719352048195
70.92883611169253, 0.4613817979184294, 272.39741817725775
70.9356840827809, 0.4613791904472955, 272.3993224830457
70.94243937939434, 0.46130129293749744, 272.40101269337333
70.94916561207086, 0.46132111129601033, 272.40110436274466
70.95580276963416, 0.461246439003155, 272.4027603898739
70.96241899393992, 0.4612723559250159, 272.40295779525314
70.96895646130272, 0.4612068906482372, 272.4047290522357
70.9754706709717, 0.4612351515328029, 272.4057371479495
70.98191451493696, 0.46121180736839057, 272.4050253402777
70.98834838733717, 0.46126728536012096, 272.4045463895142
70.99469881998847, 0.46125537777711795, 272.4039238860164
71.00103867512158, 0.46134184641139386, 272.40172070983436
71.00730534444502, 0.4613432744061753, 272.40066876072865
71.01355345584724, 0.4614152548105256, 272.40061015791844
71.01971695558719, 0.4614619455061924, 272.3971408809447
71.02585936330985, 0.4615377791296103, 272.39660545852865
71.03191292133388, 0.46157025536009694, 272.3938234564465
71.03793749904251, 0.4616422097291833, 272.39386290520036
71.04387101774732, 0.4616152332509735, 272.3948176391789
71.04976681950421, 0.4616413048065235, 272.3979118374266
71.05557468655172, 0.4615963616293322, 272.4003237426038
71.06142190298496, 0.4616037193527196, 272.40260807477625
71.06721972332923, 0.46152632992504267, 272.40238614109654
71.0730340062087, 0.46147869801513597, 272.4034325216844
71.07868913549306, 0.46141131401829744, 272.4043619633275
71.08437232404404, 0.4613928613277219, 272.40404481570886
71.08990045887892, 0.4613488191284535, 272.40457189681126
71.09544997295286, 0.46138950751235414, 272.4012025616621
71.10083902942053, 0.46142801051197607, 272.39694382144353
71.10624276813303, 0.4614639060404641, 272.3957853242209
71.11149171974883, 0.4615156546778676, 272.3925090477008
71.1167500515194, 0.4615662546078669, 272.39085008765437
71.12184845771054, 0.4615730679575531, 272.39023691143115
71.12696741298494, 0.4616014448173855, 272.389469507654
71.13192851140397, 0.46158669702376764, 272.38881914932864
71.13690019946027, 0.4615541403206469, 272.39091105202374
71.14172087671989, 0.4614760818655807, 272.39324057856464
71.1465612244307, 0.46144463994512636, 272.3942559801772
71.15125040743274, 0.4613604624140798, 272.39639877263136
71.15597058615036, 0.4613032629391378, 272.39963690170504
71.16054751390736, 0.46124898809218184, 272.40090251983526
71.16515390795419, 0.4612533265138961, 272.4007446820459
71.16960719339454, 0.4612235398050723, 272.4016358183031
71.17409374081525, 0.46122508456406786, 272.4027763803686
71.17843914841613, 0.4612344296459383, 272.4023081676011
71.1827998636055, 0.46128724888495415, 272.4017395678089
71.18701178093912, 0.4613290812425747, 272.40101176038627
71.191252887036, 0.46141701731900164, 272.39973789596013
71.19535552071883, 0.46145929622084664, 272.40003165443517
71.19947829143676, 0.46155544050595065, 272.39788855434364
71.20346843112901, 0.4616110084376838, 272.39729799489146
71.20747985310781, 0.4616906219080617, 272.3969685097798
71.21136236946091, 0.46175531243850043, 272.39656290288326
71.21526968384075, 0.4618284139370963, 272.39786178221505
71.21904697158153, 0.46189796832821306, 272.39771281163274
71.22285406373402, 0.4619811391623861, 272.39821590500503
71.22651802369269, 0.4620221178789274, 272.39999475121493
71.23020397853884, 0.4621118503885683, 272.39962754818896
71.23375421442204, 0.46215075101767633, 272.4010467173083
71.23732837212373, 0.4622385458725199, 272.3997557238533
71.24077367509976, 0.4622680809071253, 272.4011661641426
71.24424302350873, 0.46236898727869363, 272.40008779833397
71.24757315781699, 0.4624278269752657, 272.40014993741715
71.25093891368716, 0.462527239869419, 272.40007063687625
71.25416846340806, 0.462621348670249, 272.39917820786627
71.25742573790943, 0.46271396399366405, 272.3999791466003
71.26054835023014, 0.4628090495113666, 272.39860983099254
71.26367646460545, 0.4629240117696891, 272.39789400804017
71.26661632387963, 0.4629929452592076, 272.3987361229848
71.26950998407366, 0.46313536919838666, 272.3966784871129
71.27220514492258, 0.4632327473972133, 272.3964479973666
71.27488329424274, 0.4633085281611559, 272.39645509229814
71.27737938615057, 0.46339470882963335, 272.3909265951803
71.27986163687653, 0.4634353301530056, 272.3906061341163
71.28213940022835, 0.46347447693370025, 272.3919009311961
71.2843448660978, 0.46352086704041034, 272.3922851892558
71.2863053669226, 0.46359109440365337, 272.3918412311666
71.28815364401194, 0.4636673580034005, 272.3909651201774
71.28973363413175, 0.46371959499924026, 272.3930561694671
71.29122839451706, 0.46379871222170793, 272.3933396413658
71.29248467234454, 0.4638985227453474, 272.3929952657985
71.29365718563223, 0.4640093572309095, 272.3922333262911
71.29457300625799, 0.4641323549184301, 272.39147148664335
71.29535671818968, 0.46424631442461606, 272.39181556221877
71.2958531937849, 0.4643963990429814, 272.3907543379515
71.29619025280134, 0.4645481309835034, 272.3896959383534
71.29623730385161, 0.46471970258411793, 272.38840593759073
71.29615232619362, 0.46487387316103174, 272.3890690445191
71.2957984083486, 0.4650543795908723, 272.38854477314106
71.29534114882941, 0.46522253741611713, 272.38916506100804
71.29462232842067, 0.465408550698761, 272.38950146293024
71.29378659056334, 0.4655886760670107, 272.39036511743785
71.29267853978376, 0.46578075714405437, 272.3905598913886
71.2914392419755, 0.46598710554575357, 272.39119944060496
71.28990778749116, 0.46622870490592067, 272.3895488881592
71.2882222900206, 0.46644900584226556, 272.38988874251896
71.28622940221177, 0.4667118034299359, 272.3884671976904
71.28407704692411, 0.4669456513819665, 272.3893897384728
71.28161010621047, 0.4672454174665794, 272.3864205321066
71.27899198503326, 0.4675030411372462, 272.38686649076476
71.27606022250508, 0.4678322704622518, 272.3841324356072
71.27295570636927, 0.46813184246580597, 272.38377475974846
71.26952920611951, 0.46843014741984695, 272.38471967875876
71.2658996970213, 0.46875977753012815, 272.38357613420055
71.26192521152275, 0.4690809966722523, 272.38468798632834
71.25775088146311, 0.46941533443162764, 272.3845324279196
71.25322218636502, 0.46978046638564774, 272.38371902075687
71.2484872199667, 0.4701506436582462, 272.3828942589175
71.24338154960918, 0.47053130919748765, 272.38326305581467
71.23804747854236, 0.47092274544653867, 272.38236792547144
71.23233355483566, 0.4713292521686913, 272.3824015624
71.22638750017205, 0.47177116448300094, 272.38020985673825
71.22010806705144, 0.47221419394681907, 272.3798274251255
71.21353562528466, 0.47268355847461646, 272.3786542682141
71.20655548490691, 0.4731461270095703, 272.37963836764385
71.19928119063152, 0.4736579550529027, 272.3781334119751
71.19157208376546, 0.47415840174114326, 272.37860088650973
71.18363002911765, 0.4746990776459017, 272.3764608933321
71.17527925543375, 0.4752434410907752, 272.37557914160277
71.16667164002347, 0.4758022548960994, 272.37469457628356
71.15762960225632, 0.4763617976888147, 272.3753061151169
71.14831357913623, 0.4769202414778116, 272.3744948123578
71.13854752309422, 0.4775850977022327, 272.3668211629273
71.12847359195143, 0.4781895055663474, 272.36527457975774
71.1179537580634, 0.4787754441719913, 272.36642401169667
71.10716041388969, 0.47941543277458415, 272.3641398507259
71.09592573464558, 0.4800545314445177, 272.36380074284006
71.08437971182485, 0.48069592674031236, 272.3639373568007
71.07234387768166, 0.48136332258639164, 272.36414883351625
71.05997206796627, 0.4820566811132807, 272.3649110272203
71.04711596958542, 0.48278309653593765, 272.3647994932598
71.0339644593482, 0.48349125413802513, 272.36627593998884
71.0203635803137, 0.4842260994635766, 272.3675434648114
71.00647827171775, 0.4849469062592165, 272.37039981138025
70.99212238717615, 0.4857134451794407, 272.37062737175324
70.97742939998949, 0.4864739076268438, 272.3712328425576
70.96225810004735, 0.4872388725970189, 272.37262371741497
70.94674954960757, 0.48802490482943006, 272.3721676148383
70.93075514593131, 0.4887830517162346, 272.37461160081335
70.91442294034003, 0.4895851737417792, 272.3754609369467
70.89757576182765, 0.4904233680200278, 272.3748651809232
70.88035387158193, 0.491280958569934, 272.3753323677465
70.8625846444573, 0.4921654443364685, 272.3764975033293
70.84445453345023, 0.49309031237531525, 272.37636996100684
70.82579728077087, 0.49404521327457235, 272.3758910440901
70.8068031084443, 0.49500599104296017, 272.3758056799078
70.78730344636342, 0.49598627948037755, 272.37612500475063
70.76745690882505, 0.4969877188084546, 272.37539048974446
70.74707100026791, 0.4979963533367561, 272.3763175260556
70.72631833493038, 0.4990540241013239, 272.37487582284876
70.7050423793588, 0.5001155141602214, 272.37598776653266
70.68346851176814, 0.501184100800919, 272.3777431641129
70.66144738894481, 0.5022760071486599, 272.37986134369595
70.6392529477655, 0.503354850105467, 272.3819739007584
70.61672764041096, 0.5044469323884765, 272.3835651035794
70.594131523795, 0.5055468394517301, 272.38528158040066
70.57130856740504, 0.5066599022127624, 272.3856734611176
70.5484294197675, 0.5077742951390993, 272.38810936616073
70.52530759152867, 0.5089082318702564, 272.390050616281
70.50204578932389, 0.5100458466741598, 272.39177622892765
70.4784771881911, 0.5111728138440468, 272.3946445261246
70.45475385934502, 0.5122785307159026, 272.39750391167365
70.43073116903993, 0.5134075767621702, 272.3984760282178
70.40665097741652, 0.51448125605829, 272.4035758624408
70.38231827663174, 0.5155830928868669, 272.4058125581097
70.35794020328692, 0.5166534436139354, 272.4099098804844
70.33334952885525, 0.5177755477120918, 272.4119874469886
70.3086788601243, 0.5189041338020294, 272.4136167390839
70.28376384442093, 0.5200529563925981, 272.416763502165
70.2587489943002, 0.5212666517604533, 272.4168322289961
70.23348045098564, 0.5224708624027495, 272.41911402295597
70.20817376776785, 0.5236076267213632, 272.42219704391493
70.18261585879746, 0.5247942249020575, 272.4192960693559
70.15698860576038, 0.5258423470363275, 272.42233739518883
70.13111161155591, 0.5269448852391367, 272.42517586280036
70.1051453604523, 0.5279760734065628, 272.42908284643465
70.07891592086898, 0.5290683481927362, 272.43211279447496
70.05260258586, 0.530124635932524, 272.43505763355773
70.02602562972075, 0.531249180244967, 272.43681562679745
69.99941630477609, 0.5323434171433069, 272.43850158260875
69.97254873229372, 0.533514086476136, 272.4384188381081
69.94563112141203, 0.5346219800538492, 272.43922930745214
69.91845404623871, 0.5357906991087227, 272.4403999055826
69.89119135594468, 0.5369450774668331, 272.43895815402885
69.86365332175073, 0.5381277048752983, 272.440023193542
69.83604202539702, 0.5392975331902063, 272.43925666453214
69.80815420474664, 0.5405167511898128, 272.43854091073615
69.78022707227964, 0.5416838773598998, 272.437733773289
69.75205570312369, 0.5429152767072546, 272.43554108477844
69.72381176259455, 0.5440952303730048, 272.4362961366948
69.69534185728779, 0.54536162269303, 272.43733887927624
69.6668145088342, 0.5466254832808709, 272.4381228924764
69.63805127493798, 0.5479760681219431, 272.4386052792064
69.60923488319564, 0.549314501595268, 272.441428113871
69.58019265513774, 0.5507444269309201, 272.44282794540493
69.55107439692605, 0.5521803364325483, 272.44272136104377
69.52173136160492, 0.5536620703656058, 272.44249819420406
69.49232528534175, 0.5551045462763862, 272.44101569970593
69.4626971187654, 0.5565864403657645, 272.4399422763257
69.43300683714344, 0.5580482723118855, 272.43721632645554
69.4030766223118, 0.5594968373186453, 272.4372042667097
69.37308443059189, 0.560901290698766, 272.43731115105595
69.34284627400461, 0.5623555298151766, 272.4363006918361
69.3125761061243, 0.56368940001678, 272.4382644462318
69.28207593660643, 0.5650731040804642, 272.439989337419
69.25155095209513, 0.5663893034383587, 272.4438712189615
69.22080508917695, 0.5677398835457466, 272.4462822479883
69.19003087007509, 0.5690357296387957, 272.4527455706281
69.1590369917441, 0.5703714672788784, 272.4565355258925
69.12801334778241, 0.5716392868047376, 272.4617063021319
69.09678004160668, 0.5729608707285896, 272.4651526828949
69.0655227505933, 0.5742870841957437, 272.4669637165636
69.0340264583262, 0.5756666470745618, 272.46660754524663
69.0024831683327, 0.5770462730691714, 272.4660638866445
68.97069319602333, 0.578490997480022, 272.46485196249324
68.93888112702636, 0.5799192092219364, 272.4649305802379
68.90684810690811, 0.5814319827122779, 272.46277518433
68.87482745186988, 0.5828335398665189, 272.46330142810564
68.84262016932065, 0.5842833151185796, 272.46264539277394
68.8104059776936, 0.5856744139861786, 272.4637937409409
68.77796323508086, 0.587086602995488, 272.46437188237286
68.74557413992439, 0.5884218727897668, 272.4657625541167
68.71295426023892, 0.5898786499499407, 272.4613400303917
68.68034792239446, 0.591247325354735, 272.464777603105
68.64757607450633, 0.5927014185158778, 272.46821358832824
68.61479568752641, 0.5941378163759422, 272.47152917953633
68.58180562621335, 0.5956362744158372, 272.4747310280246
68.54874384064962, 0.5970880575390132, 272.4762438382925
68.51544719491599, 0.5986078147916777, 272.47576282871455
68.4820900193102, 0.6000680696319599, 272.47446255085976
68.4485181884364, 0.6015941558206114, 272.4719292043816
68.41494956426665, 0.60302825547692, 272.4732699449692
68.38117453185126, 0.6045354960791941, 272.47279147665233
68.34737033127499, 0.605961026977867, 272.4744593756325
68.31335442642255, 0.607415225069013, 272.47613455239815
68.27930086036984, 0.6088389011523649, 272.4784808905336
68.24505440609822, 0.6102978494957645, 272.4807405717679
68.21081849904714, 0.611757301976548, 272.4773804948732
68.17640810657431, 0.6132446476924122, 272.4746398895036
68.142033832545, 0.6147074176969834, 272.46895858314844
68.1074703132871, 0.6162285863765341, 272.46190428413036
68.07288268557713, 0.6177180638282541, 272.4540216108728
68.03811526550773, 0.6192272136832194, 272.44784993261703
68.00335117212111, 0.6207104324152706, 272.4410623755133
67.96839433594432, 0.6222616031862833, 272.43228944746187
67.93343101970454, 0.6237298808326053, 272.426585592189
67.8982653902505, 0.6252639085657149, 272.42148126362105
67.86308065266981, 0.6267275456234711, 272.41914596068534
67.82772289365018, 0.6283017173667802, 272.4148842566287
67.79235376573752, 0.6298123543875813, 272.41460377822347
67.75678951363881, 0.6314247324862925, 272.41090396893907
67.72121684727463, 0.6329600785504959, 272.4108260319202
67.68544828595199, 0.6345841882969415, 272.4077645837053
67.6496967555486, 0.6361757034707914, 272.4039699056535
67.61372819817656, 0.6378358602236245, 272.3992476590044
67.57779001117645, 0.6394651746560219, 272.39079159769636
67.54165358417916, 0.6411790792389525, 272.3800653578714
67.5055208183508, 0.6428292479177897, 272.371228449411
67.4692028138561, 0.6445285577628966, 272.36256034556027
67.4328826182348, 0.6462003167760916, 272.3544682168973
67.39637157160905, 0.6479139546948032, 272.3463435601418
67.35986503085094, 0.6495252030208476, 272.34179107072447
67.32319057199133, 0.6511679824184018, 272.338402873345
67.28651267131782, 0.6526978563434872, 272.3368993752994
67.24966564427224, 0.6542453987454393, 272.3366344137433
67.21280296545677, 0.6557274593027176, 272.3374011471344
67.17576586302678, 0.6572414611841499, 272.33778326788797
67.1387330325665, 0.6587016544865356, 272.3371191639652
67.1014977398275, 0.6602017874617458, 272.3361901051813
67.06426490604639, 0.6616196000880729, 272.33412241118566
67.02686226358995, 0.6631231634065481, 272.32846575460525
66.98950256260952, 0.6644710587259575, 272.3190556568513
66.95197379827613, 0.6658668360515971, 272.30736479250515
66.91444043475832, 0.6671512147942885, 272.2972220505842
66.87671825139104, 0.6685230041744432, 272.2900605299433
66.83902714008943, 0.6698289456383335, 272.284438551523
66.80114743798863, 0.6712678539290027, 272.2782986484503
66.76329939330427, 0.6725750174724048, 272.275037502935
66.72524378421562, 0.6740479648983461, 272.2702199688453
66.68717169077748, 0.6753842500679197, 272.2701805621595
66.64887756762144, 0.6768550499790572, 272.26918655636933
66.61057189015072, 0.678238978103801, 272.2688978992075
66.57204134225377, 0.6797349556930922, 272.2673779050128
66.53352438225026, 0.6810739966559096, 272.2661986911648
66.4947926663905, 0.6825626906828685, 272.2640567031258
66.45609690900262, 0.6839577737348023, 272.2583160409222
66.41720438650756, 0.6854487849002544, 272.25278771049415
66.37833820358406, 0.6868762652879354, 272.244105787966
66.33927845135028, 0.6884317381890824, 272.23417203244685
66.30023055156013, 0.6899032686655059, 272.22286881270117
66.26100883532052, 0.6914171435264079, 272.2134790416371
66.22182249099015, 0.6928068522687004, 272.20319877588486
66.18242627357401, 0.6942821389236621, 272.1904558614301
66.14306702051199, 0.6955874247722688, 272.1807815105605
66.10348021628698, 0.6970120854619672, 272.1691884463079
66.0638827630413, 0.6983120135688279, 272.16198277008556
66.02408386794201, 0.6997680435958206, 272.1549146771254
65.98428402755579, 0.7011550951632933, 272.1510704362214
65.94426941434664, 0.7027035535331688, 272.14727903587465
65.90428322397597, 0.7041779242202072, 272.14427611861504
65.86410229480545, 0.7057944821622066, 272.13953568735496
65.82394413977816, 0.7073230093540921, 272.1336339007282
65.78358746480335, 0.7089379846676211, 272.12772078748054
65.74321883558477, 0.710484143255846, 272.11761427928934
65.70263827303971, 0.712091707197565, 272.1087337214073
65.66204035963214, 0.7136141587055767, 272.1010138020968
65.62125860730997, 0.7152416664484441, 272.0939390973536
65.58046895093491, 0.7167470553911868, 272.089284032045
65.53946263237498, 0.7183317374916657, 272.0858444550026
65.49848680658953, 0.7197590971703957, 272.08285648089594
65.45728856933569, 0.721242669350879, 272.0811818716513
65.41613661599544, 0.7226246361524037, 272.07655434401175
65.37481065351264, 0.7240640556809835, 272.07318466058365
65.33353021507816, 0.7253780238956504, 272.06869984629367
65.29209565851924, 0.7267729665149483, 272.0637294640633
65.25069669322461, 0.7281036209669779, 272.05534362738257
65.20911305522387, 0.7294729646102142, 272.0498848320429
65.16755261674545, 0.7307871466296246, 272.0428559364481
65.1257786573433, 0.7322071809318104, 272.03557937032195
65.08406596707617, 0.7335224201407274, 272.0301392232755
65.04220692094447, 0.7349344482047687, 272.0259202161017
65.0005205508584, 0.7361458745599216, 272.0222772445371
64.95871402874583, 0.7374673511869281, 272.0155078886898
64.91695074623821, 0.7386670340601358, 272.00928185803053
64.8749631604765, 0.7399725487034864, 272.00440359175843
64.83301570214434, 0.7411440866673952, 272.00050496345386
64.79084485918305, 0.7424534198161281, 271.99648456055917
64.74876486798962, 0.743638668107833, 271.9931599546096
64.70651331085672, 0.7449958674838484, 271.9876267568174
64.66440726125397, 0.7462563340200045, 271.98143433970034
64.6221764761951, 0.7476105117275046, 271.9766135719874
64.5801361058544, 0.7488951595012571, 271.9683948886598
64.53801308592769, 0.7502563296495015, 271.96192292485654
64.4961544251822, 0.7515546112231529, 271.9492805930946
64.45425068031035, 0.7529035518978581, 271.9382680456357
64.41259758432372, 0.7541055006279785, 271.92488641067854
64.37089231698268, 0.7553947093066101, 271.910427614983
64.32937174416207, 0.7565385851970245, 271.8981922888704
64.28772744297947, 0.7577962919951998, 271.8842137785405
64.24618638651854, 0.7589105271320582, 271.8768664021292
64.20451038065518, 0.7601642418564248, 271.8689430899102
64.16298755005313, 0.7612634372891299, 271.8664276290632
64.1214232807389, 0.7625092443937762, 271.86177529636296
64.0800957233874, 0.7636218337863727, 271.85755720909765
64.03875447149468, 0.7648553727590574, 271.8512862296576
63.99762889287128, 0.7659605381566854, 271.8446553966514
63.95642768523511, 0.7671900345629283, 271.8372690854678
63.91533544978981, 0.7683823178985367, 271.8266003617775
63.87406866226791, 0.7696628315879498, 271.81978166803265
63.832922786637766, 0.77092076086929, 271.81097842977584
63.79166890955371, 0.7722573734520316, 271.8056306571784
63.75063833711296, 0.7735001383755304, 271.7981780732001
63.709530897091184, 0.7748494782576164, 271.79085603139004
63.668593866850266, 0.7760479027597322, 271.78453687627217
63.62751564710134, 0.7773196323088712, 271.7781181960525
63.586481029317355, 0.7784482625798628, 271.7719895715892
63.54525725235012, 0.7796668865020823, 271.7634466574704
63.50416048801096, 0.7807448008678077, 271.7543368178022
63.462943383799825, 0.7818687376907582, 271.74611768025954
63.421950507704594, 0.7828213009388898, 271.739693105941
63.3808715426333, 0.783884731808374, 271.7311225172592
63.339951013708585, 0.784803377419132, 271.7276383931672
63.298876152152026, 0.7858585077730942, 271.723742823085
63.25789349000311, 0.7868175277666903, 271.7208038146985
63.21673019564369, 0.7878505194678568, 271.72066559912616
63.17569194698842, 0.7888044515397152, 271.71833741506424
63.13451977541534, 0.7898720377951186, 271.71568624048103
63.09351778336091, 0.7908411697274512, 271.71281177396213
63.05238544351226, 0.7919457970629572, 271.7080639614612
63.011344328698584, 0.7929149471410798, 271.70428674308573
62.97013300043288, 0.7940447292752651, 271.696112263966
62.92910219894184, 0.795006657328952, 271.68708897227907
62.88796833451506, 0.7961068547248462, 271.6748321647566
62.84708324657824, 0.7971116762703971, 271.66189132585276
62.806160630750874, 0.7981697257297136, 271.6513271733309
62.76554855379434, 0.799172398182566, 271.6375752096407
62.72490642883296, 0.8002521791978234, 271.62475980499124
62.684555711589525, 0.8012006533316169, 271.61293926421104
62.64416493235946, 0.8022689740970432, 271.59999480756574
62.60406366057827, 0.8032249858342296, 271.5878424518397
62.5639109130769, 0.8042702062199881, 271.57849642138484
62.524049493307665, 0.8052253690497797, 271.57117911437933
62.4841238776497, 0.8062697965434081, 271.5663863715468
62.44444505943871, 0.8072014242835183, 271.56385760807814
62.404715908335184, 0.8082010632336445, 271.5625169471697
62.3652574898281, 0.8090432629978075, 271.56004415468004
62.32571747609351, 0.809994310677997, 271.5552607107379
62.286464891388476, 0.8107916051344437, 271.5489708987645
62.24714874583363, 0.8116749958419966, 271.5416871452325
62.20815287560484, 0.8124915587606233, 271.528386797468
62.16916588986115, 0.8134079897960489, 271.5162034045971
62.130542141521936, 0.8142248872283702, 271.50348132103835
62.09206130844529, 0.8151309420276827, 271.4930076572127
62.05401112748498, 0.8159312786652768, 271.4835611031115
62.01601982456855, 0.8167917701747471, 271.47641913798907
61.978302417324, 0.8174981281878312, 271.47201855362994
61.940536032098166, 0.8182639807238234, 271.46978100484864
61.90302210755745, 0.8188502317526349, 271.470470424212
61.86544181539191, 0.819509999266371, 271.4715683504612
61.828118964846404, 0.8200746978302998, 271.47064533899186
61.790737931891236, 0.8207111906069943, 271.470553133007
61.75359590503743, 0.8212847790301476, 271.4669337747745
61.7164552585449, 0.8219315604697945, 271.4634114245821
61.679580999964706, 0.8225383044071399, 271.4553309752457
61.642707051632534, 0.8232742353243042, 271.44550259148883
61.606121179487886, 0.8239253859546136, 271.4367257567986
61.56955232371963, 0.8247292389307385, 271.4280223529413
61.53330127947192, 0.8254608527277681, 271.4201370922059
61.49709319972643, 0.8263183517597767, 271.413021696631
61.46119836625046, 0.827003681169047, 271.41003759377776
61.42528178269208, 0.8278239000698928, 271.40473632081154
61.38965398428642, 0.828495242230832, 271.4009154529394
61.353970501209986, 0.8292689526828588, 271.3959753277807
61.31856970739757, 0.8298623081829446, 271.3940608301859
61.28313441061273, 0.8305485622385594, 271.39204403745265
61.247999296959385, 0.83113773395062, 271.38769709923594
61.21286568485794, 0.8317900624793872, 271.3855954995128
61.178054173213454, 0.8323661542326187, 271.3799120730554
61.143244581228544, 0.8330381827777898, 271.37496128544547
61.10874570020517, 0.8335984947942134, 271.36839366016056
61.074263915543995, 0.8342538307904429, 271.3619988836492
61.04004216113471, 0.834677718023664, 271.3556326965121
61.005816441368, 0.8351905795880812, 271.34880341297793
60.97188214992165, 0.8355930271758967, 271.33868420651197
60.938034078337246, 0.8361345456764709, 271.32853946220985
60.90441300043894, 0.8364863325853379, 271.3201453178935
60.87079073244864, 0.8369854672540639, 271.3105068661035
60.8373935481801, 0.8373282648963347, 271.298324871271
60.803953646638234, 0.8378193594021783, 271.28964020735634
60.77079158188754, 0.8381671534482892, 271.2814331354617
60.73764044489597, 0.8386786406663478, 271.2760656241233
60.70473713910746, 0.83903002047836, 271.2738928733434
60.67191653380499, 0.839600167512985, 271.2698941652597
60.639340824468505, 0.8399259672836731, 271.2720359170675
60.60682741559929, 0.8404048031249237, 271.27268485219304
60.574579886853684, 0.8407322525846106, 271.27269874840977
60.542373107245574, 0.8411680986824153, 271.26942626186303
60.51040293658815, 0.8414519548539003, 271.26629289775747
60.47848514452111, 0.8418364396874713, 271.260502955547
60.44674590382145, 0.8421062975653619, 271.2523098730839
60.41504735045207, 0.8425081747442122, 271.24264598310464
60.38353219122766, 0.8428075731793401, 271.23296749189325
60.352034247132266, 0.843242892260286, 271.2243562781306
60.32073062857669, 0.843527926330229, 271.2176361565347
60.28947503180833, 0.84390463056461, 271.21260923762134
60.2584300522362, 0.8440897192009092, 271.20867829300676
60.22748952202062, 0.8443434170693483, 271.20591160859493
60.19679498697004, 0.8444326280847625, 271.20527591593486
60.166194032900286, 0.8446296022135377, 271.2060576645217
60.13581332583425, 0.8446838739047041, 271.20777083748226
60.10550621056649, 0.8449315284361126, 271.20789843618934
60.075383915857415, 0.8450718269510149, 271.2071824890701
60.045312087350574, 0.845370886927711, 271.20599074887843
60.01546792756164, 0.8455637119821463, 271.2012054050751
59.98565925481303, 0.8458463413404352, 271.19674559545666
59.95608639721649, 0.8460057497390914, 271.1895326113836
59.9265582795649, 0.8462495889209073, 271.183370628291
59.897271037986094, 0.8463655594539982, 271.17635563862405
59.86801121942309, 0.8466396121651775, 271.169205777974
59.83898591078906, 0.8467933393536564, 271.16560727296564
59.810029303911385, 0.8471066871676403, 271.16347044006574
59.78141540716924, 0.8472228659828428, 271.162054546686
59.752973029102215, 0.8474706577910978, 271.1656161976063
59.72481557384251, 0.8474437815092069, 271.1715624037454
59.696809370548834, 0.8475758710264847, 271.1782216159292
59.6691422828766, 0.8475403652380088, 271.1803696406643
59.64163617877799, 0.8476947220065074, 271.1836830937186
59.61450006846149, 0.8476856964483311, 271.184586715424
59.58751601239299, 0.8479289952011828, 271.183117328012
59.5609046635648, 0.8479997629933901, 271.18291407869833
59.53446729600533, 0.8482872412223565, 271.1802499988837
59.50848152472692, 0.8484606408140807, 271.17518634534986
59.48269839993698, 0.8488213002253296, 271.17190060052764
59.45733766448621, 0.8490765854559237, 271.16659524817055
59.43219641859771, 0.8494002132544387, 271.16323923177197
59.4074464318112, 0.8496169591938306, 271.15796910502
59.38290200493593, 0.8499028137690622, 271.153885798601
59.35873623939663, 0.8501627608898016, 271.14493489921614
59.334763809269695, 0.8504129400528678, 271.1417672870119
59.31118283457357, 0.8505526176661717, 271.13984502024556
59.2878103659329, 0.8507494986991546, 271.1383003518031
59.26480238780781, 0.8508616065458091, 271.13763021303504
59.242000018070215, 0.8510339205459204, 271.137343794462
59.21957164382933, 0.8511088760708899, 271.13671618772497
59.19737145942606, 0.8512485678852469, 271.1359281587639
59.1756990178006, 0.8513443516213923, 271.132137567794
59.15430682102415, 0.8514783937834678, 271.12954573172107
59.13337258788446, 0.8515406267427773, 271.12535143740365
59.11268130075351, 0.8516904107721859, 271.1196752429546
59.09234621348714, 0.8517670475440499, 271.11431697085794
59.07219289277557, 0.8519288701217287, 271.10722695433174
59.05242165218766, 0.8519853224634895, 271.1033896530277
59.03287507721383, 0.8521229740598881, 271.09928995026075
59.0137996453578, 0.8521425249652348, 271.0979027704437
58.995058326373986, 0.8522175720081018, 271.09581269156206
58.976839900118975, 0.8521985110390862, 271.0964065907016
58.958913829292634, 0.8522192406318381, 271.0974127275313
58.94139183347743, 0.8521834642344064, 271.0994303858961
58.92406649006214, 0.8522134986727116, 271.10094923468745
58.90711721207953, 0.8521984368780313, 271.1014590022482
58.890379382660875, 0.8522243916693671, 271.1020939658826
58.87409324526386, 0.8521874365845303, 271.1015919853655
58.85810287359986, 0.8522039255850445, 271.09962414323235
58.84261159888442, 0.8521521824702728, 271.0983662237041
58.82741716243907, 0.8521750745678289, 271.09422671017273
58.8126080237286, 0.8521578873488718, 271.08985224988925
58.79802473224087, 0.8521860780171195, 271.0854483377592
58.78378913303547, 0.8521686178223644, 271.0808129370873
58.769741507768956, 0.852198066861704, 271.07585041233045
58.756110182012435, 0.8521179792339428, 271.0743041067162
58.7427458089166, 0.8520862004329517, 271.07049234166595
58.72983833297999, 0.8519482916397029, 271.07032202545787
58.71720954701658, 0.8518505158113902, 271.0692886712968
58.704971783833436, 0.851680151300287, 271.0694111714818
58.6929273051626, 0.8515557587537755, 271.0702335955257
58.6812227710571, 0.8513723631985818, 271.07089787435376
58.669698270480396, 0.8512571500549883, 271.07086238643734
58.658559478474814, 0.8510606524504384, 271.07219735038586
58.64767550431212, 0.8509147011274651, 271.07400262873057
